query,document,clicks,impressions
buy smartphone,best laptops in 2024,24,22
fitness routine,best workout routines for beginners,5,11
cryptocurrency,best Python courses online,19,32
cheap flights,best laptops in 2024,3,18
fitness routine,best video editing software for 2024,20,6
cryptocurrency,best data science bootcamps,23,46
cryptocurrency,top investment strategies in 2024,8,33
sustainable living,top mental health practices in 2024,26,5
online marketing,top investment strategies in 2024,11,22
travel tips,best data science bootcamps,25,26
buy smartphone,best Python courses online,13,11
buy TV,best smart TVs in 2024,20,21
cheap flights,best online cooking classes,18,12
learn photography,best Python courses online,18,23
guitar lessons,best smart TVs in 2024,19,17
learn python,discount flights to New York,22,19
web development,best Python courses online,28,19
buy smartphone,best online photography courses,9,34
buy TV,top digital marketing strategies,12,27
data science,top mental health practices in 2024,23,48
learn python,best online guitar lessons,21,15
cryptocurrency,best workout routines for beginners,6,34
learn photography,top mental health practices in 2024,30,45
cryptocurrency,best workout routines for beginners,22,25
cheap flights,best workout routines for beginners,27,7
AI technology,best online photography courses,9,9
data science,eco-friendly living tips,29,50
AI technology,best data science bootcamps,21,36
learn photography,best online cooking classes,5,21
travel tips,best workout routines for beginners,24,40
cryptocurrency,top mental health practices in 2024,24,42
investment strategies,eco-friendly living tips,13,28
fitness routine,budget travel tips for Europe,17,36
learn python,discount flights to New York,28,12
travel tips,top digital marketing strategies,26,48
investment strategies,best online guitar lessons,3,29
learn photography,best online guitar lessons,15,38
mental health,top cryptocurrency investments,28,5
buy smartphone,top cryptocurrency investments,25,22
AI technology,top smartphones of 2024,10,32
online marketing,best online cooking classes,1,21
video editing,top digital marketing strategies,17,11
web development,best video editing software for 2024,20,17
travel tips,best smart TVs in 2024,25,15
cryptocurrency,best video editing software for 2024,30,5
guitar lessons,advancements in artificial intelligence,16,6
buy smartphone,best smart TVs in 2024,29,24
fitness routine,discount flights to New York,8,41
learn python,best Python courses online,24,36
learn python,top cryptocurrency investments,25,13
travel tips,best home interior design ideas,18,15
mental health,best video editing software for 2024,28,43
investment strategies,best data science bootcamps,30,39
data science,best web development frameworks,13,47
buy TV,best online cooking classes,29,38
cooking tips,top smartphones of 2024,8,19
learn python,advancements in artificial intelligence,1,42
cryptocurrency,best workout routines for beginners,19,19
buy laptop,best Python courses online,23,45
cheap flights,best workout routines for beginners,3,7
AI technology,best Python courses online,17,20
mental health,best home interior design ideas,7,39
travel tips,eco-friendly living tips,19,35
fitness routine,best home interior design ideas,26,31
data science,top smartphones of 2024,4,47
investment strategies,best smart TVs in 2024,14,31
cooking tips,discount flights to New York,22,46
buy smartphone,discount flights to New York,13,26
buy smartphone,best workout routines for beginners,7,17
cryptocurrency,best online cooking classes,5,32
online marketing,top mental health practices in 2024,15,20
learn python,best online cooking classes,26,40
buy smartphone,discount flights to New York,21,39
buy laptop,best Python courses online,30,20
online marketing,top investment strategies in 2024,16,35
data science,best online photography courses,29,8
online marketing,best online photography courses,1,29
mental health,best online cooking classes,10,32
cryptocurrency,best home interior design ideas,5,17
web development,best data science bootcamps,2,42
cryptocurrency,discount flights to New York,24,25
cheap flights,discount flights to New York,19,35
video editing,best video editing software for 2024,6,8
video editing,best Python courses online,28,16
learn python,best online guitar lessons,3,48
fitness routine,best online photography courses,4,41
fitness routine,eco-friendly living tips,20,7
guitar lessons,best Python courses online,14,47
sustainable living,eco-friendly living tips,17,25
mental health,best data science bootcamps,22,50
AI technology,best workout routines for beginners,9,30
travel tips,best web development frameworks,15,25
learn python,best laptops in 2024,15,44
sustainable living,top smartphones of 2024,3,39
data science,best video editing software for 2024,9,13
buy TV,best Python courses online,29,20
buy TV,best web development frameworks,6,33
cryptocurrency,best web development frameworks,20,46
video editing,best laptops in 2024,22,40
web development,top smartphones of 2024,29,13
mental health,top smartphones of 2024,29,11
cryptocurrency,budget travel tips for Europe,9,23
guitar lessons,best data science bootcamps,23,26
data science,top mental health practices in 2024,17,36
mental health,discount flights to New York,3,45
investment strategies,top mental health practices in 2024,2,5
AI technology,budget travel tips for Europe,21,21
online marketing,best online cooking classes,18,50
investment strategies,top cryptocurrency investments,1,12
learn python,budget travel tips for Europe,18,7
buy TV,eco-friendly living tips,18,14
investment strategies,budget travel tips for Europe,2,24
buy TV,discount flights to New York,29,27
data science,best workout routines for beginners,22,11
buy TV,top cryptocurrency investments,29,31
guitar lessons,budget travel tips for Europe,30,20
online marketing,top digital marketing strategies,29,31
buy laptop,top digital marketing strategies,24,26
investment strategies,best workout routines for beginners,9,15
buy smartphone,best online photography courses,28,7
interior design,best workout routines for beginners,7,34
buy TV,best web development frameworks,27,19
fitness routine,best laptops in 2024,22,17
learn photography,advancements in artificial intelligence,9,9
mental health,best smart TVs in 2024,21,37
learn photography,top cryptocurrency investments,11,6
buy smartphone,top mental health practices in 2024,6,42
mental health,discount flights to New York,4,43
investment strategies,best smart TVs in 2024,24,25
investment strategies,best online guitar lessons,17,12
learn photography,eco-friendly living tips,7,21
cheap flights,top investment strategies in 2024,1,38
cryptocurrency,best data science bootcamps,12,32
learn python,advancements in artificial intelligence,20,25
buy smartphone,best web development frameworks,17,24
investment strategies,advancements in artificial intelligence,13,49
web development,top cryptocurrency investments,5,17
investment strategies,best online photography courses,22,16
guitar lessons,eco-friendly living tips,10,30
cryptocurrency,best laptops in 2024,10,23
data science,top investment strategies in 2024,26,42
guitar lessons,advancements in artificial intelligence,15,33
cooking tips,best data science bootcamps,17,35
online marketing,best Python courses online,10,37
guitar lessons,advancements in artificial intelligence,3,20
web development,best workout routines for beginners,26,17
travel tips,best laptops in 2024,2,20
interior design,best online guitar lessons,28,9
cooking tips,top investment strategies in 2024,29,45
sustainable living,best data science bootcamps,23,49
learn photography,best home interior design ideas,13,20
travel tips,best laptops in 2024,29,11
investment strategies,best workout routines for beginners,6,49
video editing,best online cooking classes,2,40
fitness routine,top smartphones of 2024,15,13
cooking tips,best video editing software for 2024,18,43
AI technology,best online cooking classes,20,37
investment strategies,top cryptocurrency investments,15,15
interior design,best online cooking classes,9,20
mental health,best video editing software for 2024,16,45
fitness routine,top mental health practices in 2024,15,9
web development,best workout routines for beginners,9,26
AI technology,top cryptocurrency investments,3,13
travel tips,best workout routines for beginners,13,49
travel tips,best data science bootcamps,3,31
investment strategies,advancements in artificial intelligence,18,34
investment strategies,discount flights to New York,7,31
learn photography,eco-friendly living tips,23,6
sustainable living,best online photography courses,16,5
buy TV,best web development frameworks,25,29
investment strategies,top cryptocurrency investments,24,39
guitar lessons,best workout routines for beginners,16,19
mental health,top investment strategies in 2024,16,6
learn photography,advancements in artificial intelligence,22,48
learn photography,top digital marketing strategies,27,34
travel tips,best online guitar lessons,18,6
learn photography,eco-friendly living tips,19,47
buy laptop,best Python courses online,21,32
travel tips,best online cooking classes,6,8
mental health,best online photography courses,11,18
cooking tips,advancements in artificial intelligence,11,29
mental health,top investment strategies in 2024,9,10
interior design,best laptops in 2024,24,39
cheap flights,best smart TVs in 2024,8,46
learn python,discount flights to New York,25,6
fitness routine,best data science bootcamps,27,6
guitar lessons,budget travel tips for Europe,8,13
interior design,top smartphones of 2024,19,18
cooking tips,top mental health practices in 2024,25,28
online marketing,best online guitar lessons,20,50
buy smartphone,top digital marketing strategies,10,11
sustainable living,best laptops in 2024,30,24
sustainable living,best online photography courses,13,50
data science,best Python courses online,19,49
fitness routine,top smartphones of 2024,23,24
guitar lessons,top smartphones of 2024,26,41
cheap flights,best smart TVs in 2024,18,32
buy TV,best Python courses online,17,46
AI technology,best laptops in 2024,28,31
interior design,top smartphones of 2024,14,28
cooking tips,budget travel tips for Europe,14,16
video editing,top mental health practices in 2024,20,39
interior design,best online cooking classes,14,42
mental health,advancements in artificial intelligence,28,20
learn python,top mental health practices in 2024,29,33
fitness routine,best online cooking classes,19,44
learn photography,advancements in artificial intelligence,1,36
AI technology,top digital marketing strategies,16,18
buy TV,top mental health practices in 2024,11,22
guitar lessons,top mental health practices in 2024,18,5
video editing,best data science bootcamps,3,20
investment strategies,best home interior design ideas,18,20
interior design,best home interior design ideas,15,6
learn python,best web development frameworks,8,30
fitness routine,best web development frameworks,22,42
buy TV,best home interior design ideas,18,38
buy TV,top investment strategies in 2024,24,40
AI technology,best smart TVs in 2024,23,34
mental health,best web development frameworks,9,19
buy smartphone,best data science bootcamps,11,12
cryptocurrency,top digital marketing strategies,7,18
interior design,top mental health practices in 2024,24,42
video editing,best online guitar lessons,10,11
data science,best web development frameworks,8,28
online marketing,best web development frameworks,1,50
cryptocurrency,budget travel tips for Europe,9,7
cheap flights,top cryptocurrency investments,10,49
travel tips,best home interior design ideas,4,5
sustainable living,best web development frameworks,16,35
cooking tips,advancements in artificial intelligence,6,8
mental health,best home interior design ideas,4,9
learn photography,best home interior design ideas,3,41
cheap flights,budget travel tips for Europe,5,41
web development,best Python courses online,8,12
cryptocurrency,top investment strategies in 2024,20,43
guitar lessons,best workout routines for beginners,25,38
learn photography,best online cooking classes,30,33
web development,eco-friendly living tips,14,24
sustainable living,best online guitar lessons,2,44
buy smartphone,best data science bootcamps,21,18
mental health,best Python courses online,6,20
online marketing,top cryptocurrency investments,3,15
buy laptop,top investment strategies in 2024,15,49
guitar lessons,best home interior design ideas,10,7
fitness routine,best web development frameworks,23,23
cooking tips,best Python courses online,22,19
mental health,eco-friendly living tips,22,17
investment strategies,top smartphones of 2024,18,19
travel tips,top mental health practices in 2024,27,14
learn python,discount flights to New York,6,24
guitar lessons,eco-friendly living tips,30,23
cooking tips,top smartphones of 2024,15,49
web development,best online photography courses,9,37
cryptocurrency,best home interior design ideas,15,10
guitar lessons,discount flights to New York,29,32
AI technology,best online guitar lessons,9,6
learn python,best workout routines for beginners,22,41
sustainable living,best laptops in 2024,25,48
mental health,eco-friendly living tips,2,16
interior design,best video editing software for 2024,21,33
mental health,top digital marketing strategies,19,32
interior design,best Python courses online,16,27
investment strategies,advancements in artificial intelligence,11,47
buy smartphone,top digital marketing strategies,11,31
interior design,best web development frameworks,22,30
cryptocurrency,discount flights to New York,15,10
AI technology,top mental health practices in 2024,11,12
learn photography,best video editing software for 2024,27,5
cryptocurrency,best online cooking classes,14,8
data science,best video editing software for 2024,12,44
interior design,best online cooking classes,25,8
data science,top mental health practices in 2024,18,13
web development,best online cooking classes,29,49
interior design,top smartphones of 2024,1,45
guitar lessons,best workout routines for beginners,23,15
web development,top cryptocurrency investments,1,40
investment strategies,best Python courses online,8,12
cooking tips,top smartphones of 2024,21,14
interior design,best web development frameworks,17,50
mental health,top investment strategies in 2024,27,35
interior design,best workout routines for beginners,15,40
travel tips,best online photography courses,7,43
video editing,budget travel tips for Europe,28,9
mental health,top investment strategies in 2024,11,37
mental health,best laptops in 2024,10,24
sustainable living,eco-friendly living tips,22,36
travel tips,best online cooking classes,18,35
buy TV,advancements in artificial intelligence,18,39
learn photography,best online cooking classes,30,25
data science,best workout routines for beginners,19,29
fitness routine,top investment strategies in 2024,2,25
interior design,best online photography courses,13,47
travel tips,best home interior design ideas,2,13
video editing,eco-friendly living tips,11,11
cooking tips,top smartphones of 2024,17,34
buy laptop,budget travel tips for Europe,14,46
travel tips,best Python courses online,16,21
AI technology,best online guitar lessons,23,30
learn python,advancements in artificial intelligence,28,48
cryptocurrency,best online photography courses,11,45
interior design,top cryptocurrency investments,2,44
learn python,best workout routines for beginners,21,48
web development,best workout routines for beginners,24,10
investment strategies,top smartphones of 2024,25,45
buy smartphone,best online cooking classes,6,49
web development,best laptops in 2024,2,25
cheap flights,best web development frameworks,12,28
investment strategies,budget travel tips for Europe,8,38
investment strategies,eco-friendly living tips,22,16
online marketing,top digital marketing strategies,3,44
learn photography,best online guitar lessons,22,20
interior design,eco-friendly living tips,5,19
cooking tips,top mental health practices in 2024,15,21
buy laptop,best online cooking classes,29,23
cryptocurrency,top digital marketing strategies,3,33
buy TV,eco-friendly living tips,10,45
investment strategies,top mental health practices in 2024,15,24
data science,best online photography courses,28,35
buy smartphone,best workout routines for beginners,13,41
buy TV,eco-friendly living tips,10,49
web development,best laptops in 2024,27,47
learn photography,top mental health practices in 2024,1,41
cheap flights,best online guitar lessons,24,36
web development,best workout routines for beginners,20,27
fitness routine,best data science bootcamps,20,21
travel tips,top smartphones of 2024,29,45
cheap flights,best web development frameworks,26,33
cheap flights,eco-friendly living tips,12,13
learn python,best web development frameworks,11,31
online marketing,best data science bootcamps,5,39
buy TV,best video editing software for 2024,17,22
online marketing,top mental health practices in 2024,30,35
web development,advancements in artificial intelligence,26,12
cooking tips,best Python courses online,5,19
learn photography,top cryptocurrency investments,12,10
learn photography,best laptops in 2024,9,39
buy smartphone,best online cooking classes,12,48
mental health,eco-friendly living tips,13,45
buy TV,top smartphones of 2024,22,19
interior design,best laptops in 2024,20,40
AI technology,best online guitar lessons,8,46
learn python,best online cooking classes,30,49
web development,top investment strategies in 2024,4,13
cheap flights,discount flights to New York,10,36
buy smartphone,top smartphones of 2024,8,39
travel tips,best online photography courses,15,28
cryptocurrency,top investment strategies in 2024,19,14
investment strategies,top smartphones of 2024,27,36
guitar lessons,top investment strategies in 2024,9,7
buy TV,best data science bootcamps,15,33
fitness routine,best smart TVs in 2024,4,48
buy TV,top cryptocurrency investments,29,46
buy TV,discount flights to New York,13,22
data science,top smartphones of 2024,28,34
learn python,best data science bootcamps,21,45
guitar lessons,best laptops in 2024,2,26
fitness routine,budget travel tips for Europe,26,41
data science,best Python courses online,27,40
data science,eco-friendly living tips,7,19
AI technology,budget travel tips for Europe,26,43
buy laptop,top mental health practices in 2024,28,14
travel tips,top cryptocurrency investments,9,16
buy smartphone,best laptops in 2024,5,5
buy TV,best workout routines for beginners,19,25
buy laptop,top digital marketing strategies,9,8
travel tips,top investment strategies in 2024,17,12
learn python,best home interior design ideas,15,28
video editing,eco-friendly living tips,4,33
video editing,best workout routines for beginners,20,7
video editing,best web development frameworks,15,46
buy laptop,discount flights to New York,16,30
investment strategies,top smartphones of 2024,16,50
cooking tips,best Python courses online,29,10
AI technology,best online guitar lessons,5,9
travel tips,top mental health practices in 2024,20,45
sustainable living,top cryptocurrency investments,23,25
learn photography,best online guitar lessons,17,23
cooking tips,best video editing software for 2024,20,32
buy smartphone,top smartphones of 2024,28,46
cryptocurrency,best data science bootcamps,14,33
fitness routine,top investment strategies in 2024,11,34
learn photography,top investment strategies in 2024,24,11
AI technology,top investment strategies in 2024,11,47
mental health,best smart TVs in 2024,5,48
interior design,best Python courses online,3,10
learn python,top investment strategies in 2024,4,28
travel tips,top cryptocurrency investments,2,42
cryptocurrency,top cryptocurrency investments,11,47
buy smartphone,top investment strategies in 2024,12,47
investment strategies,discount flights to New York,10,43
web development,best smart TVs in 2024,4,41
video editing,best data science bootcamps,5,47
interior design,best workout routines for beginners,28,11
buy TV,top cryptocurrency investments,12,12
mental health,eco-friendly living tips,8,32
cryptocurrency,best online guitar lessons,20,48
cryptocurrency,best laptops in 2024,20,47
mental health,best laptops in 2024,6,22
web development,advancements in artificial intelligence,12,5
online marketing,budget travel tips for Europe,19,47
learn photography,best Python courses online,5,45
buy laptop,best Python courses online,24,38
data science,best online photography courses,14,34
AI technology,top digital marketing strategies,12,24
AI technology,eco-friendly living tips,20,10
cheap flights,budget travel tips for Europe,6,44
cheap flights,best Python courses online,9,33
investment strategies,best home interior design ideas,20,33
investment strategies,top mental health practices in 2024,7,37
buy smartphone,best smart TVs in 2024,14,12
web development,eco-friendly living tips,16,38
web development,discount flights to New York,8,30
guitar lessons,discount flights to New York,1,18
web development,best data science bootcamps,25,13
mental health,best web development frameworks,11,12
buy laptop,best home interior design ideas,24,32
online marketing,budget travel tips for Europe,13,39
fitness routine,best video editing software for 2024,18,47
buy TV,best Python courses online,13,7
investment strategies,best laptops in 2024,15,9
AI technology,eco-friendly living tips,14,41
learn photography,top investment strategies in 2024,10,12
learn photography,best laptops in 2024,11,15
guitar lessons,best online cooking classes,27,49
buy TV,best Python courses online,14,11
fitness routine,top investment strategies in 2024,19,30
video editing,best Python courses online,13,24
AI technology,best workout routines for beginners,11,15
learn python,best video editing software for 2024,21,12
video editing,best video editing software for 2024,7,27
buy TV,budget travel tips for Europe,8,11
travel tips,top mental health practices in 2024,7,16
guitar lessons,budget travel tips for Europe,25,46
learn python,top digital marketing strategies,25,45
interior design,best online cooking classes,25,41
sustainable living,best online cooking classes,22,41
guitar lessons,advancements in artificial intelligence,28,45
AI technology,budget travel tips for Europe,15,9
interior design,best online cooking classes,21,24
mental health,eco-friendly living tips,2,27
video editing,best Python courses online,10,34
cooking tips,discount flights to New York,2,28
web development,best Python courses online,21,10
guitar lessons,best online guitar lessons,17,29
cooking tips,eco-friendly living tips,18,7
cooking tips,eco-friendly living tips,21,17
AI technology,best online guitar lessons,16,37
travel tips,discount flights to New York,15,11
AI technology,best Python courses online,17,46
online marketing,discount flights to New York,8,50
cooking tips,best online cooking classes,17,38
guitar lessons,top digital marketing strategies,12,28
web development,best online photography courses,14,26
guitar lessons,discount flights to New York,26,45
AI technology,best Python courses online,11,11
cryptocurrency,best online photography courses,10,21
guitar lessons,budget travel tips for Europe,11,10
sustainable living,budget travel tips for Europe,30,27
web development,best online photography courses,5,43
learn python,best web development frameworks,18,29
AI technology,budget travel tips for Europe,22,49
video editing,best Python courses online,21,47
investment strategies,best video editing software for 2024,12,6
buy TV,best web development frameworks,6,18
AI technology,best home interior design ideas,7,19
travel tips,budget travel tips for Europe,3,23
buy smartphone,best video editing software for 2024,25,39
video editing,discount flights to New York,22,26
guitar lessons,budget travel tips for Europe,20,29
travel tips,top digital marketing strategies,6,49
guitar lessons,top digital marketing strategies,24,33
cheap flights,top investment strategies in 2024,12,48
fitness routine,best online cooking classes,20,23
cooking tips,best workout routines for beginners,18,20
web development,best home interior design ideas,29,17
buy TV,eco-friendly living tips,15,34
web development,best online photography courses,17,38
investment strategies,top digital marketing strategies,27,17
guitar lessons,budget travel tips for Europe,28,21
cheap flights,best home interior design ideas,28,28
cryptocurrency,top smartphones of 2024,23,38
buy smartphone,best web development frameworks,3,15
mental health,best online cooking classes,29,37
travel tips,top investment strategies in 2024,3,19
cooking tips,best smart TVs in 2024,30,6
investment strategies,discount flights to New York,13,37
buy TV,best workout routines for beginners,13,10
buy TV,best workout routines for beginners,1,25
buy smartphone,advancements in artificial intelligence,26,14
travel tips,discount flights to New York,10,35
travel tips,best home interior design ideas,15,44
buy laptop,best Python courses online,1,21
data science,budget travel tips for Europe,18,43
video editing,top investment strategies in 2024,4,23
fitness routine,best web development frameworks,4,8
fitness routine,top investment strategies in 2024,21,44
cooking tips,best Python courses online,4,36
guitar lessons,top cryptocurrency investments,1,45
video editing,eco-friendly living tips,8,50
travel tips,best web development frameworks,14,5
